Benchmark,#TotalOC,,"LS-Sampling (k=100, lambda=10)",,,,"LS-Sampling (k=1000, lambda=10)",,,,"LS-Sampling (k=100, lambda=50)",,,,"LS-Sampling (k=1000, lambda=50)",,,,"LS-Sampling (k=100, lambda=100)",,,,"LS-Sampling (k=1000, lambda=100)",,,,"LS-Sampling (k=100, lambda=500)",,,,"LS-Sampling (k=1000, lambda=500)",,,,"LS-Sampling (k=100, lambda=1000)",,,,"LS-Sampling (k=1000, lambda=1000)",
,,,#OC,COV (%),,,#OC,COV (%),,,#OC,COV (%),,,#OC,COV (%),,,#OC,COV (%),,,#OC,COV (%),,,#OC,COV (%),,,#OC,COV (%),,,#OC,COV (%),,,#OC,COV (%)
aaed2000,"3,077,396",,"3,061,634.15",99.49,,,"3,076,076.10",99.96,,,"3,068,040.35",99.7,,,"3,077,018.10",99.99,,,"3,069,780.00",99.75,,,"3,077,183.85",99.99,,,"3,072,583.40",99.84,,,"3,077,333.25",100,,,"3,073,392.45",99.87,,,"3,077,360.95",100
adder,"3,040,048",,"3,028,377.35",99.62,,,"3,038,757.45",99.96,,,"3,033,132.45",99.77,,,"3,039,638.50",99.99,,,"3,034,757.50",99.83,,,"3,039,832.40",99.99,,,"3,036,834.65",99.89,,,"3,039,995.80",100,,,"3,037,451.40",99.91,,,"3,040,013.15",100
adderII,"3,059,606",,"3,048,012.85",99.62,,,"3,058,477.20",99.96,,,"3,052,701.30",99.77,,,"3,059,198.80",99.99,,,"3,054,229.15",99.82,,,"3,059,397.95",99.99,,,"3,056,396.05",99.9,,,"3,059,551.60",100,,,"3,057,010.85",99.92,,,"3,059,569.75",100
aeb,"2,722,566",,"2,712,838.35",99.64,,,"2,721,639.20",99.97,,,"2,717,026.95",99.8,,,"2,722,287.75",99.99,,,"2,718,144.70",99.84,,,"2,722,420.00",99.99,,,"2,720,042.50",99.91,,,"2,722,521.20",100,,,"2,720,549.15",99.93,,,"2,722,541.65",100
aim711,"2,987,322",,"2,975,680.05",99.61,,,"2,986,189.35",99.96,,,"2,980,527.05",99.77,,,"2,986,963.25",99.99,,,"2,982,115.85",99.83,,,"2,987,122.05",99.99,,,"2,984,232.15",99.9,,,"2,987,265.15",100,,,"2,984,752.50",99.91,,,"2,987,285.15",100
aki3068net,"2,725,375",,"2,715,604.15",99.64,,,"2,724,306.40",99.96,,,"2,719,777.25",99.79,,,"2,725,100.40",99.99,,,"2,721,047.75",99.84,,,"2,725,226.45",99.99,,,"2,722,739.35",99.9,,,"2,725,334.35",100,,,"2,723,246.85",99.92,,,"2,725,350.85",100
am31_sim,"2,518,806",,"2,510,612.95",99.67,,,"2,517,884.25",99.96,,,"2,514,338.60",99.82,,,"2,518,533.45",99.99,,,"2,515,198.05",99.86,,,"2,518,676.85",99.99,,,"2,516,841.50",99.92,,,"2,518,769.65",100,,,"2,517,176.75",99.94,,,"2,518,782.55",100
asb,"2,812,382",,"2,802,280.45",99.64,,,"2,811,410.15",99.97,,,"2,807,017.65",99.81,,,"2,812,084.25",99.99,,,"2,807,979.90",99.84,,,"2,812,192.05",99.99,,,"2,809,731.55",99.91,,,"2,812,336.00",100,,,"2,810,315.90",99.93,,,"2,812,357.60",100
asb2305,"2,843,643",,"2,833,851.55",99.66,,,"2,842,547.35",99.96,,,"2,838,226.65",99.81,,,"2,843,302.85",99.99,,,"2,839,292.35",99.85,,,"2,843,460.75",99.99,,,"2,841,110.25",99.91,,,"2,843,595.80",100,,,"2,841,619.65",99.93,,,"2,843,620.25",100
assabet,"2,939,079",,"2,929,300.85",99.67,,,"2,937,914.70",99.96,,,"2,933,287.85",99.8,,,"2,938,721.20",99.99,,,"2,934,436.10",99.84,,,"2,938,883.80",99.99,,,"2,936,429.00",99.91,,,"2,939,020.45",100,,,"2,936,909.90",99.93,,,"2,939,034.90",100
at91sam7sek,"3,071,870",,"3,061,419.75",99.66,,,"3,070,808.80",99.97,,,"3,065,998.30",99.81,,,"3,071,575.70",99.99,,,"3,067,077.00",99.84,,,"3,071,700.40",99.99,,,"3,069,060.75",99.91,,,"3,071,824.30",100,,,"3,069,650.30",99.93,,,"3,071,841.10",100
at91sam7xek,"3,217,676",,"3,205,640.30",99.63,,,"3,216,524.85",99.96,,,"3,210,660.40",99.78,,,"3,217,289.15",99.99,,,"3,212,034.70",99.82,,,"3,217,466.95",99.99,,,"3,214,327.20",99.9,,,"3,217,616.35",100,,,"3,214,895.40",99.91,,,"3,217,643.90",100
atlas_mips32_4kc,"2,764,804",,"2,754,486.35",99.63,,,"2,763,660.40",99.96,,,"2,758,557.65",99.77,,,"2,764,483.25",99.99,,,"2,759,944.80",99.82,,,"2,764,598.45",99.99,,,"2,761,854.75",99.89,,,"2,764,753.80",100,,,"2,762,423.30",99.91,,,"2,764,770.40",100
atlas_mips64_5kc,"2,732,018",,"2,721,457.20",99.61,,,"2,730,894.85",99.96,,,"2,725,911.80",99.78,,,"2,731,686.15",99.99,,,"2,727,163.05",99.82,,,"2,731,837.70",99.99,,,"2,729,194.10",99.9,,,"2,731,970.95",100,,,"2,729,763.75",99.92,,,"2,731,991.25",100
axtls,"16,212",,"16,201.95",99.94,,,"16,212.00",100,,,"16,210.60",99.99,,,"16,212.00",100,,,"16,210.90",99.99,,,"16,212.00",100,,,"16,212.00",100,,,"16,212.00",100,,,"16,212.00",100,,,"16,212.00",100
brutus,"2,753,311",,"2,744,208.85",99.67,,,"2,752,270.95",99.96,,,"2,748,114.95",99.81,,,"2,753,025.60",99.99,,,"2,749,138.85",99.85,,,"2,753,166.80",99.99,,,"2,751,022.75",99.92,,,"2,753,266.45",100,,,"2,751,456.65",99.93,,,"2,753,285.30",100
buildroot,"621,270",,"621,058.00",99.97,,,"621,058.00",99.97,,,"621,058.00",99.97,,,"621,058.00",99.97,,,"621,058.00",99.97,,,"621,058.00",99.97,,,"621,058.00",99.97,,,"621,058.00",99.97,,,"621,058.00",99.97,,,"621,058.00",99.97
busybox_1_28_0,"1,965,023",,"1,960,539.85",99.77,,,"1,962,539.65",99.87,,,"1,962,133.70",99.85,,,"1,963,181.70",99.91,,,"1,962,484.05",99.87,,,"1,963,429.05",99.92,,,"1,963,094.50",99.9,,,"1,963,604.30",99.93,,,"1,963,400.80",99.92,,,"1,963,655.25",99.93
calm16_ceb,"2,552,819",,"2,543,886.55",99.65,,,"2,551,827.40",99.96,,,"2,547,735.50",99.8,,,"2,552,576.75",99.99,,,"2,549,009.35",99.85,,,"2,552,678.45",99.99,,,"2,550,605.45",99.91,,,"2,552,785.85",100,,,"2,551,043.90",99.93,,,"2,552,796.70",100
calm32_ceb,"2,552,819",,"2,543,734.05",99.64,,,"2,551,899.70",99.96,,,"2,547,671.40",99.8,,,"2,552,565.45",99.99,,,"2,548,863.15",99.85,,,"2,552,680.55",99.99,,,"2,550,640.00",99.91,,,"2,552,781.15",100,,,"2,551,092.55",99.93,,,"2,552,796.70",100
ceb_v850,"2,632,319",,"2,623,158.55",99.65,,,"2,631,368.95",99.96,,,"2,627,155.05",99.8,,,"2,632,030.80",99.99,,,"2,628,285.40",99.85,,,"2,632,182.30",99.99,,,"2,630,109.95",99.92,,,"2,632,277.30",100,,,"2,630,489.60",99.93,,,"2,632,295.90",100
cerf,"3,023,738",,"3,012,534.75",99.63,,,"3,022,508.25",99.96,,,"3,016,987.85",99.78,,,"3,023,300.45",99.99,,,"3,018,489.50",99.83,,,"3,023,516.75",99.99,,,"3,020,576.35",99.9,,,"3,023,679.20",100,,,"3,021,129.00",99.91,,,"3,023,695.00",100
cerfpda,"3,096,965",,"3,084,938.65",99.61,,,"3,095,660.50",99.96,,,"3,089,995.95",99.77,,,"3,096,507.25",99.99,,,"3,091,528.40",99.82,,,"3,096,724.10",99.99,,,"3,093,530.50",99.89,,,"3,096,896.15",100,,,"3,094,192.75",99.91,,,"3,096,916.55",100
cma230,"2,718,034",,"2,708,914.90",99.66,,,"2,717,004.50",99.96,,,"2,712,956.55",99.81,,,"2,717,768.55",99.99,,,"2,714,086.20",99.85,,,"2,717,878.90",99.99,,,"2,715,740.05",99.92,,,"2,717,992.00",100,,,"2,716,218.85",99.93,,,"2,718,009.05",100
cma28x,"2,694,432",,"2,685,015.60",99.65,,,"2,693,466.05",99.96,,,"2,689,423.85",99.81,,,"2,694,131.95",99.99,,,"2,690,278.25",99.85,,,"2,694,275.80",99.99,,,"2,692,164.30",99.92,,,"2,694,391.40",100,,,"2,692,650.60",99.93,,,"2,694,402.50",100
cme555,"2,987,068",,"2,976,899.25",99.66,,,"2,985,943.05",99.96,,,"2,981,200.50",99.8,,,"2,986,760.90",99.99,,,"2,982,450.80",99.85,,,"2,986,853.55",99.99,,,"2,984,438.10",99.91,,,"2,987,018.75",100,,,"2,984,952.45",99.93,,,"2,987,041.75",100
cq7708,"2,833,809",,"2,822,848.50",99.61,,,"2,832,935.80",99.97,,,"2,827,409.35",99.77,,,"2,833,563.70",99.99,,,"2,828,752.00",99.82,,,"2,833,677.15",100,,,"2,830,786.60",99.89,,,"2,833,771.20",100,,,"2,831,300.70",99.91,,,"2,833,788.10",100
cq7750,"2,945,323",,"2,934,621.65",99.64,,,"2,944,332.45",99.97,,,"2,939,558.30",99.8,,,"2,945,035.75",99.99,,,"2,940,538.95",99.84,,,"2,945,141.15",99.99,,,"2,942,583.25",99.91,,,"2,945,279.00",100,,,"2,943,045.00",99.92,,,"2,945,299.10",100
csb281,"2,873,486",,"2,862,055.90",99.6,,,"2,872,233.80",99.96,,,"2,866,956.65",99.77,,,"2,873,085.70",99.99,,,"2,868,096.70",99.81,,,"2,873,256.85",99.99,,,"2,870,249.20",99.89,,,"2,873,428.30",100,,,"2,870,838.25",99.91,,,"2,873,448.50",100
dreamcast,"2,908,040",,"2,896,725.00",99.61,,,"2,906,977.10",99.96,,,"2,901,546.70",99.78,,,"2,907,700.15",99.99,,,"2,902,749.90",99.82,,,"2,907,875.75",99.99,,,"2,904,909.75",99.89,,,"2,907,988.85",100,,,"2,905,496.85",99.91,,,"2,908,008.50",100
e7t,"2,998,580",,"2,987,465.95",99.63,,,"2,997,334.35",99.96,,,"2,992,023.70",99.78,,,"2,998,060.30",99.98,,,"2,993,289.65",99.82,,,"2,998,319.95",99.99,,,"2,995,243.30",99.89,,,"2,998,509.65",100,,,"2,995,877.70",99.91,,,"2,998,543.30",100
ea2468,"3,445,241",,"3,433,376.40",99.66,,,"3,444,000.25",99.96,,,"3,438,140.40",99.79,,,"3,444,827.15",99.99,,,"3,439,591.90",99.84,,,"3,445,013.55",99.99,,,"3,441,934.45",99.9,,,"3,445,176.25",100,,,"3,442,542.05",99.92,,,"3,445,195.35",100
eb40,"2,845,284",,"2,835,386.20",99.65,,,"2,844,171.45",99.96,,,"2,839,702.20",99.8,,,"2,844,981.70",99.99,,,"2,841,024.00",99.85,,,"2,845,126.25",99.99,,,"2,842,850.25",99.91,,,"2,845,236.15",100,,,"2,843,289.15",99.93,,,"2,845,255.05",100
eb40a,"2,850,007",,"2,840,291.50",99.66,,,"2,848,934.10",99.96,,,"2,844,389.55",99.8,,,"2,849,705.40",99.99,,,"2,845,586.55",99.84,,,"2,849,822.55",99.99,,,"2,847,514.55",99.91,,,"2,849,958.40",100,,,"2,848,028.75",99.93,,,"2,849,974.80",100
eb42,"2,816,657",,"2,807,286.85",99.67,,,"2,815,628.75",99.96,,,"2,811,146.70",99.8,,,"2,816,332.50",99.99,,,"2,812,465.85",99.85,,,"2,816,481.35",99.99,,,"2,814,251.65",99.91,,,"2,816,611.95",100,,,"2,814,713.05",99.93,,,"2,816,627.80",100
eb55,"2,972,652",,"2,962,284.50",99.65,,,"2,971,467.50",99.96,,,"2,966,739.75",99.8,,,"2,972,278.25",99.99,,,"2,968,161.15",99.85,,,"2,972,434.85",99.99,,,"2,970,048.60",99.91,,,"2,972,599.80",100,,,"2,970,457.90",99.93,,,"2,972,617.25",100
ebsa285,"2,928,811",,"2,916,944.10",99.59,,,"2,927,537.05",99.96,,,"2,921,930.30",99.77,,,"2,928,424.65",99.99,,,"2,923,255.35",99.81,,,"2,928,608.75",99.99,,,"2,925,489.95",99.89,,,"2,928,752.50",100,,,"2,926,089.25",99.91,,,"2,928,770.90",100
ec555,"2,991,912",,"2,981,793.60",99.66,,,"2,990,827.25",99.96,,,"2,986,052.55",99.8,,,"2,991,582.45",99.99,,,"2,987,195.45",99.84,,,"2,991,709.00",99.99,,,"2,989,195.80",99.91,,,"2,991,870.50",100,,,"2,989,720.70",99.93,,,"2,991,886.25",100
ecos-icse11,"2,910,229",,"2,899,534.30",99.63,,,"2,909,016.20",99.96,,,"2,903,893.25",99.78,,,"2,909,853.25",99.99,,,"2,905,417.30",99.83,,,"2,910,024.90",99.99,,,"2,907,219.45",99.9,,,"2,910,165.55",100,,,"2,907,839.00",99.92,,,"2,910,185.00",100
edb7xxx,"2,883,125",,"2,872,415.90",99.63,,,"2,882,004.45",99.96,,,"2,876,975.05",99.79,,,"2,882,790.10",99.99,,,"2,878,315.05",99.83,,,"2,882,941.50",99.99,,,"2,880,321.65",99.9,,,"2,883,073.30",100,,,"2,880,777.35",99.92,,,"2,883,095.50",100
edosk2674,"2,664,906",,"2,655,388.55",99.64,,,"2,663,877.90",99.96,,,"2,659,608.50",99.8,,,"2,664,641.20",99.99,,,"2,660,410.05",99.83,,,"2,664,750.50",99.99,,,"2,662,346.85",99.9,,,"2,664,865.40",100,,,"2,662,783.75",99.92,,,"2,664,882.70",100
embtoolkit,"8,256,603",,"8,094,129.55",98.03,,,"8,207,893.25",99.41,,,"8,116,841.95",98.31,,,"8,217,829.65",99.53,,,"8,123,705.60",98.39,,,"8,220,226.15",99.56,,,"8,134,394.60",98.52,,,"8,223,012.70",99.59,,,"8,137,362.30",98.56,,,"8,223,764.25",99.6
excalibur_arm9,"2,811,553",,"2,799,937.25",99.59,,,"2,810,599.95",99.97,,,"2,804,861.45",99.76,,,"2,811,281.20",99.99,,,"2,806,002.45",99.8,,,"2,811,400.15",99.99,,,"2,808,189.70",99.88,,,"2,811,515.65",100,,,"2,808,800.75",99.9,,,"2,811,528.35",100
fads,"2,616,878",,"2,608,227.40",99.67,,,"2,615,981.95",99.97,,,"2,611,900.90",99.81,,,"2,616,635.45",99.99,,,"2,613,110.40",99.86,,,"2,616,728.70",99.99,,,"2,614,701.90",99.92,,,"2,616,841.90",100,,,"2,615,192.50",99.94,,,"2,616,853.75",100
financial,"917,150",,"705,779.90",76.95,,,"904,069.00",98.57,,,"710,825.80",77.5,,,"909,185.35",99.13,,,"712,098.30",77.64,,,"909,548.80",99.17,,,"715,324.20",77.99,,,"910,173.65",99.24,,,"716,954.70",78.17,,,"910,384.85",99.26
flexanet,"2,993,782",,"2,982,156.05",99.61,,,"2,992,561.30",99.96,,,"2,987,177.15",99.78,,,"2,993,363.95",99.99,,,"2,988,440.80",99.82,,,"2,993,540.20",99.99,,,"2,990,520.80",99.89,,,"2,993,718.65",100,,,"2,991,116.45",99.91,,,"2,993,735.35",100
freebsd-icse11,"3,765,597",,"3,724,364.95",98.91,,,"3,742,366.45",99.38,,,"3,732,346.25",99.12,,,"3,745,768.80",99.47,,,"3,734,605.40",99.18,,,"3,746,891.50",99.5,,,"3,739,851.50",99.32,,,"3,750,529.95",99.6,,,"3,741,882.45",99.37,,,"3,751,967.05",99.64
frv400,"2,877,936",,"2,867,161.65",99.63,,,"2,876,651.95",99.96,,,"2,871,559.80",99.78,,,"2,877,535.95",99.99,,,"2,873,150.95",99.83,,,"2,877,709.85",99.99,,,"2,875,009.50",99.9,,,"2,877,872.45",100,,,"2,875,524.90",99.92,,,"2,877,900.05",100
gps4020,"2,717,800",,"2,708,144.65",99.64,,,"2,716,801.20",99.96,,,"2,712,283.05",99.8,,,"2,717,479.25",99.99,,,"2,713,598.10",99.85,,,"2,717,632.45",99.99,,,"2,715,363.30",99.91,,,"2,717,753.65",100,,,"2,715,855.15",99.93,,,"2,717,774.30",100
grg,"2,874,004",,"2,863,772.50",99.64,,,"2,872,838.90",99.96,,,"2,868,139.95",99.8,,,"2,873,634.80",99.99,,,"2,869,485.30",99.84,,,"2,873,817.30",99.99,,,"2,871,273.80",99.91,,,"2,873,952.05",100,,,"2,871,784.85",99.92,,,"2,873,970.50",100
h8300h_sim,"2,580,312",,"2,572,087.35",99.68,,,"2,579,358.35",99.96,,,"2,575,682.90",99.82,,,"2,580,043.95",99.99,,,"2,576,741.90",99.86,,,"2,580,163.55",99.99,,,"2,578,287.35",99.92,,,"2,580,274.95",100,,,"2,578,700.20",99.94,,,"2,580,290.10",100
h8max,"2,701,971",,"2,692,416.70",99.65,,,"2,700,931.30",99.96,,,"2,696,366.55",99.79,,,"2,701,677.60",99.99,,,"2,697,541.85",99.84,,,"2,701,797.00",99.99,,,"2,699,325.55",99.9,,,"2,701,933.20",100,,,"2,699,908.90",99.92,,,"2,701,944.60",100
h8s_sim,"2,584,875",,"2,576,533.20",99.68,,,"2,583,967.50",99.96,,,"2,580,274.90",99.82,,,"2,584,631.95",99.99,,,"2,581,214.05",99.86,,,"2,584,729.20",99.99,,,"2,582,816.65",99.92,,,"2,584,838.95",100,,,"2,583,240.10",99.94,,,"2,584,853.10",100
hs7729pci,"3,150,211",,"3,133,529.45",99.47,,,"3,149,027.85",99.96,,,"3,140,169.90",99.68,,,"3,149,869.90",99.99,,,"3,141,987.45",99.74,,,"3,149,968.50",99.99,,,"3,144,904.00",99.83,,,"3,150,160.85",100,,,"3,145,734.75",99.86,,,"3,150,179.65",100
innovator,"2,951,515",,"2,936,997.95",99.51,,,"2,950,435.60",99.96,,,"2,942,669.55",99.7,,,"2,951,077.20",99.99,,,"2,944,355.30",99.76,,,"2,951,320.05",99.99,,,"2,946,828.10",99.84,,,"2,951,455.15",100,,,"2,947,716.70",99.87,,,"2,951,483.75",100
integrator_arm7,"2,957,100",,"2,945,680.50",99.61,,,"2,955,880.95",99.96,,,"2,950,889.85",99.79,,,"2,956,659.30",99.99,,,"2,951,971.90",99.83,,,"2,956,901.75",99.99,,,"2,954,128.70",99.9,,,"2,957,042.30",100,,,"2,954,595.30",99.92,,,"2,957,061.80",100
integrator_arm9,"2,998,857",,"2,986,429.25",99.59,,,"2,997,584.20",99.96,,,"2,990,936.95",99.74,,,"2,998,480.70",99.99,,,"2,992,863.65",99.8,,,"2,998,648.15",99.99,,,"2,995,009.05",99.87,,,"2,998,801.85",100,,,"2,995,684.05",99.89,,,"2,998,825.20",100
ipaq,"2,897,450",,"2,887,359.85",99.65,,,"2,896,278.85",99.96,,,"2,891,629.05",99.8,,,"2,897,147.35",99.99,,,"2,892,991.90",99.85,,,"2,897,238.25",99.99,,,"2,894,805.30",99.91,,,"2,897,394.05",100,,,"2,895,324.00",99.93,,,"2,897,415.55",100
iq80310,"2,960,510",,"2,949,940.25",99.64,,,"2,959,330.00",99.96,,,"2,954,286.10",99.79,,,"2,960,088.35",99.99,,,"2,955,691.00",99.84,,,"2,960,296.60",99.99,,,"2,957,663.85",99.9,,,"2,960,452.95",100,,,"2,958,170.75",99.92,,,"2,960,469.25",100
iq80321,"2,950,754",,"2,940,174.10",99.64,,,"2,949,500.85",99.96,,,"2,944,646.05",99.79,,,"2,950,358.50",99.99,,,"2,945,983.60",99.84,,,"2,950,537.70",99.99,,,"2,947,949.85",99.9,,,"2,950,692.20",100,,,"2,948,401.90",99.92,,,"2,950,715.05",100
ixdp425,"2,902,858",,"2,892,642.05",99.65,,,"2,901,536.85",99.95,,,"2,896,917.30",99.8,,,"2,902,500.00",99.99,,,"2,898,123.65",99.84,,,"2,902,631.85",99.99,,,"2,900,072.90",99.9,,,"2,902,801.15",100,,,"2,900,653.80",99.92,,,"2,902,822.45",100
jmr3904,"2,664,287",,"2,654,652.95",99.64,,,"2,663,332.15",99.96,,,"2,658,647.70",99.79,,,"2,663,973.35",99.99,,,"2,660,141.65",99.84,,,"2,664,132.45",99.99,,,"2,661,961.45",99.91,,,"2,664,240.90",100,,,"2,662,405.25",99.93,,,"2,664,262.65",100
jtst,"2,849,989",,"2,840,174.20",99.66,,,"2,848,972.10",99.96,,,"2,844,318.80",99.8,,,"2,849,658.70",99.99,,,"2,845,648.20",99.85,,,"2,849,803.60",99.99,,,"2,847,419.95",99.91,,,"2,849,942.60",100,,,"2,847,906.55",99.93,,,"2,849,959.85",100
linux,"2,797,796",,"2,786,990.95",99.61,,,"2,796,656.15",99.96,,,"2,791,496.75",99.77,,,"2,797,441.65",99.99,,,"2,792,832.00",99.82,,,"2,797,612.65",99.99,,,"2,794,711.60",99.89,,,"2,797,737.75",100,,,"2,795,266.55",99.91,,,"2,797,765.50",100
lpcmt,"2,887,921",,"2,877,965.30",99.66,,,"2,886,911.60",99.97,,,"2,882,337.15",99.81,,,"2,887,660.75",99.99,,,"2,883,612.25",99.85,,,"2,887,769.50",99.99,,,"2,885,553.00",99.92,,,"2,887,878.50",100,,,"2,885,999.65",99.93,,,"2,887,892.60",100
m5272c3,"3,277,333",,"3,265,098.75",99.63,,,"3,276,256.25",99.97,,,"3,270,431.05",99.79,,,"3,277,049.65",99.99,,,"3,271,724.50",99.83,,,"3,277,192.40",100,,,"3,274,096.80",99.9,,,"3,277,296.10",100,,,"3,274,620.70",99.92,,,"3,277,313.60",100
mac7100evb,"2,817,536",,"2,807,921.20",99.66,,,"2,816,501.05",99.96,,,"2,811,974.95",99.8,,,"2,817,172.75",99.99,,,"2,813,299.45",99.85,,,"2,817,345.80",99.99,,,"2,815,007.75",99.91,,,"2,817,485.90",100,,,"2,815,512.40",99.93,,,"2,817,504.70",100
mace1,"2,817,536",,"2,807,941.65",99.66,,,"2,816,376.15",99.96,,,"2,812,098.05",99.81,,,"2,817,200.75",99.99,,,"2,813,186.00",99.85,,,"2,817,343.50",99.99,,,"2,814,998.55",99.91,,,"2,817,486.80",100,,,"2,815,528.85",99.93,,,"2,817,506.55",100
malta_mips32_4kc,"2,837,755",,"2,826,515.00",99.6,,,"2,836,640.05",99.96,,,"2,831,484.85",99.78,,,"2,837,388.30",99.99,,,"2,832,592.25",99.82,,,"2,837,535.70",99.99,,,"2,834,523.75",99.89,,,"2,837,690.60",100,,,"2,835,170.00",99.91,,,"2,837,713.95",100
malta_mips64_5kc,"2,837,834",,"2,826,626.95",99.61,,,"2,836,531.25",99.95,,,"2,831,396.65",99.77,,,"2,837,419.20",99.99,,,"2,832,562.65",99.81,,,"2,837,602.40",99.99,,,"2,834,673.95",99.89,,,"2,837,766.25",100,,,"2,835,296.30",99.91,,,"2,837,795.90",100
mb93091,"2,928,306",,"2,917,046.10",99.62,,,"2,927,017.75",99.96,,,"2,921,986.25",99.78,,,"2,927,882.10",99.99,,,"2,923,058.05",99.82,,,"2,928,068.30",99.99,,,"2,925,078.55",99.89,,,"2,928,240.45",100,,,"2,925,738.60",99.91,,,"2,928,266.10",100
mb93093,"2,839,740",,"2,829,464.90",99.64,,,"2,838,579.50",99.96,,,"2,833,646.85",99.79,,,"2,839,370.75",99.99,,,"2,834,859.50",99.83,,,"2,839,492.95",99.99,,,"2,836,903.55",99.9,,,"2,839,684.35",100,,,"2,837,367.40",99.92,,,"2,839,711.45",100
mbx,"3,152,444",,"3,139,511.90",99.59,,,"3,150,981.20",99.95,,,"3,145,176.55",99.77,,,"3,151,927.45",99.98,,,"3,146,770.75",99.82,,,"3,152,192.05",99.99,,,"3,149,059.55",99.89,,,"3,152,380.55",100,,,"3,149,719.35",99.91,,,"3,152,401.15",100
mcb2100,"2,887,921",,"2,878,356.75",99.67,,,"2,887,050.65",99.97,,,"2,882,434.40",99.81,,,"2,887,640.80",99.99,,,"2,883,667.10",99.85,,,"2,887,774.90",99.99,,,"2,885,497.70",99.92,,,"2,887,874.35",100,,,"2,885,967.05",99.93,,,"2,887,894.55",100
moab,"3,061,614",,"3,047,719.85",99.55,,,"3,060,072.45",99.95,,,"3,053,355.25",99.73,,,"3,061,068.60",99.98,,,"3,055,049.30",99.79,,,"3,061,300.05",99.99,,,"3,057,642.85",99.87,,,"3,061,537.75",100,,,"3,058,365.65",99.89,,,"3,061,566.05",100
mpc50,"2,719,748",,"2,711,161.50",99.68,,,"2,718,738.40",99.96,,,"2,714,918.65",99.82,,,"2,719,478.00",99.99,,,"2,715,982.80",99.86,,,"2,719,589.90",99.99,,,"2,717,523.55",99.92,,,"2,719,706.30",100,,,"2,718,017.40",99.94,,,"2,719,724.25",100
nano,"3,016,264",,"3,004,275.15",99.6,,,"3,015,054.10",99.96,,,"3,009,061.90",99.76,,,"3,015,839.50",99.99,,,"3,010,390.70",99.81,,,"3,016,028.50",99.99,,,"3,012,732.25",99.88,,,"3,016,203.25",100,,,"3,013,406.25",99.91,,,"3,016,221.65",100
npwr,"2,960,866",,"2,949,955.50",99.63,,,"2,959,604.30",99.96,,,"2,954,605.90",99.79,,,"2,960,451.60",99.99,,,"2,956,029.50",99.84,,,"2,960,636.00",99.99,,,"2,958,000.35",99.9,,,"2,960,806.70",100,,,"2,958,502.60",99.92,,,"2,960,826.95",100
ocelot,"2,986,129",,"2,974,886.55",99.62,,,"2,984,835.35",99.96,,,"2,979,678.85",99.78,,,"2,985,661.55",99.98,,,"2,981,106.75",99.83,,,"2,985,886.40",99.99,,,"2,982,981.10",99.89,,,"2,986,065.15",100,,,"2,983,610.75",99.92,,,"2,986,092.05",100
olpce2294,"3,037,775",,"3,026,117.75",99.62,,,"3,036,504.60",99.96,,,"3,031,132.40",99.78,,,"3,037,396.95",99.99,,,"3,032,389.40",99.82,,,"3,037,596.25",99.99,,,"3,034,574.80",99.89,,,"3,037,718.65",100,,,"3,035,205.75",99.92,,,"3,037,741.25",100
olpch2294,"2,945,759",,"2,935,578.60",99.65,,,"2,944,734.15",99.97,,,"2,940,147.60",99.81,,,"2,945,439.05",99.99,,,"2,941,447.20",99.85,,,"2,945,596.70",99.99,,,"2,943,300.30",99.92,,,"2,945,706.15",100,,,"2,943,741.60",99.93,,,"2,945,729.90",100
olpcl2294,"3,033,027",,"3,021,868.90",99.63,,,"3,031,916.25",99.96,,,"3,026,251.75",99.78,,,"3,032,656.50",99.99,,,"3,027,799.15",99.83,,,"3,032,830.85",99.99,,,"3,029,891.90",99.9,,,"3,032,977.70",100,,,"3,030,427.35",99.91,,,"3,032,996.40",100
p2106,"2,887,921",,"2,878,434.05",99.67,,,"2,886,941.95",99.97,,,"2,882,464.70",99.81,,,"2,887,630.25",99.99,,,"2,883,742.40",99.86,,,"2,887,778.30",100,,,"2,885,569.15",99.92,,,"2,887,877.75",100,,,"2,886,002.00",99.93,,,"2,887,894.25",100
pati,"2,901,007",,"2,890,769.70",99.65,,,"2,899,873.20",99.96,,,"2,895,291.00",99.8,,,"2,900,700.20",99.99,,,"2,896,516.40",99.85,,,"2,900,847.25",99.99,,,"2,898,494.30",99.91,,,"2,900,962.00",100,,,"2,898,866.35",99.93,,,"2,900,983.20",100
pc_i82544,"2,977,432",,"2,965,602.00",99.6,,,"2,976,162.40",99.96,,,"2,970,413.55",99.76,,,"2,977,014.20",99.99,,,"2,971,954.45",99.82,,,"2,977,215.70",99.99,,,"2,974,159.35",99.89,,,"2,977,375.25",100,,,"2,974,769.50",99.91,,,"2,977,387.15",100
pc_i82559,"2,977,432",,"2,965,373.00",99.59,,,"2,976,197.50",99.96,,,"2,970,534.15",99.77,,,"2,977,041.00",99.99,,,"2,972,040.40",99.82,,,"2,977,198.80",99.99,,,"2,974,022.35",99.89,,,"2,977,371.60",100,,,"2,974,744.50",99.91,,,"2,977,390.35",100
pc_rltk8139,"2,997,551",,"2,985,210.75",99.59,,,"2,996,266.55",99.96,,,"2,990,216.70",99.76,,,"2,997,164.15",99.99,,,"2,991,355.05",99.79,,,"2,997,312.80",99.99,,,"2,993,820.30",99.88,,,"2,997,486.45",100,,,"2,994,464.55",99.9,,,"2,997,503.55",100
pc_usb_d12,"3,054,130",,"3,042,875.05",99.63,,,"3,052,815.15",99.96,,,"3,047,906.70",99.8,,,"3,053,664.50",99.98,,,"3,049,156.40",99.84,,,"3,053,871.85",99.99,,,"3,051,075.75",99.9,,,"3,054,058.50",100,,,"3,051,695.00",99.92,,,"3,054,078.50",100
pc_vmWare,"2,959,321",,"2,948,282.75",99.63,,,"2,958,145.00",99.96,,,"2,952,887.05",99.78,,,"2,958,919.35",99.99,,,"2,954,006.45",99.82,,,"2,959,083.10",99.99,,,"2,956,207.30",99.89,,,"2,959,263.25",100,,,"2,956,720.05",99.91,,,"2,959,276.15",100
phycore,"3,008,140",,"2,997,860.25",99.66,,,"3,006,943.30",99.96,,,"3,001,971.10",99.79,,,"3,007,804.75",99.99,,,"3,003,326.80",99.84,,,"3,007,907.65",99.99,,,"3,005,366.50",99.91,,,"3,008,089.15",100,,,"3,005,896.50",99.93,,,"3,008,103.30",100
phycore229x,"3,353,009",,"3,340,365.50",99.62,,,"3,351,619.75",99.96,,,"3,345,761.35",99.78,,,"3,352,540.95",99.99,,,"3,347,059.70",99.82,,,"3,352,752.50",99.99,,,"3,349,450.70",99.89,,,"3,352,945.70",100,,,"3,350,157.75",99.91,,,"3,352,972.15",100
picasso,"2,888,912",,"2,878,668.80",99.65,,,"2,887,680.40",99.96,,,"2,883,236.10",99.8,,,"2,888,551.80",99.99,,,"2,884,288.45",99.84,,,"2,888,711.65",99.99,,,"2,886,187.80",99.91,,,"2,888,858.35",100,,,"2,886,669.20",99.92,,,"2,888,878.00",100
pid,"2,787,898",,"2,778,411.70",99.66,,,"2,786,805.65",99.96,,,"2,782,446.55",99.8,,,"2,787,578.65",99.99,,,"2,783,639.60",99.85,,,"2,787,720.10",99.99,,,"2,785,500.95",99.91,,,"2,787,849.85",100,,,"2,786,013.50",99.93,,,"2,787,870.70",100
prpmc1100,"2,763,534",,"2,754,742.25",99.68,,,"2,762,542.35",99.96,,,"2,758,381.65",99.81,,,"2,763,217.35",99.99,,,"2,759,533.35",99.86,,,"2,763,351.25",99.99,,,"2,761,264.05",99.92,,,"2,763,488.65",100,,,"2,761,702.00",99.93,,,"2,763,501.65",100
psim,"2,591,638",,"2,583,410.65",99.68,,,"2,590,758.30",99.97,,,"2,586,920.25",99.82,,,"2,591,354.40",99.99,,,"2,587,843.75",99.85,,,"2,591,490.35",99.99,,,"2,589,599.05",99.92,,,"2,591,599.65",100,,,"2,589,978.50",99.94,,,"2,591,615.75",100
rattler,"3,269,503",,"3,255,211.00",99.56,,,"3,268,000.40",99.95,,,"3,261,270.05",99.75,,,"3,268,985.75",99.98,,,"3,262,843.15",99.8,,,"3,269,217.25",99.99,,,"3,265,323.85",99.87,,,"3,269,429.00",100,,,"3,266,024.50",99.89,,,"3,269,457.05",100
ref4955,"2,752,784",,"2,743,246.90",99.65,,,"2,751,764.40",99.96,,,"2,747,393.45",99.8,,,"2,752,515.30",99.99,,,"2,748,780.20",99.85,,,"2,752,618.70",99.99,,,"2,750,446.25",99.92,,,"2,752,739.10",100,,,"2,750,894.25",99.93,,,"2,752,753.90",100
refidt334,"3,022,264",,"3,009,481.00",99.58,,,"3,020,879.90",99.95,,,"3,015,060.85",99.76,,,"3,021,767.75",99.98,,,"3,016,248.75",99.8,,,"3,022,026.05",99.99,,,"3,018,438.35",99.87,,,"3,022,193.95",100,,,"3,019,272.30",99.9,,,"3,022,221.10",100
sa1100mm,"2,760,267",,"2,750,894.60",99.66,,,"2,759,272.45",99.96,,,"2,755,069.05",99.81,,,"2,759,975.05",99.99,,,"2,756,269.95",99.86,,,"2,760,107.05",99.99,,,"2,757,975.35",99.92,,,"2,760,229.65",100,,,"2,758,406.35",99.93,,,"2,760,238.65",100
sam7ex256,"3,251,255",,"3,239,291.20",99.63,,,"3,249,968.45",99.96,,,"3,244,214.95",99.78,,,"3,250,869.70",99.99,,,"3,245,580.15",99.83,,,"3,251,035.65",99.99,,,"3,247,788.95",99.89,,,"3,251,192.55",100,,,"3,248,463.90",99.91,,,"3,251,219.60",100
se7751,"3,113,003",,"3,099,290.90",99.56,,,"3,111,732.35",99.96,,,"3,105,045.15",99.74,,,"3,112,630.60",99.99,,,"3,106,637.75",99.8,,,"3,112,805.55",99.99,,,"3,109,125.35",99.88,,,"3,112,947.80",100,,,"3,109,724.15",99.89,,,"3,112,972.80",100
sh4_202_md,"2,953,597",,"2,940,930.65",99.57,,,"2,952,509.15",99.96,,,"2,946,236.85",99.75,,,"2,953,280.75",99.99,,,"2,947,742.85",99.8,,,"2,953,414.85",99.99,,,"2,950,003.80",99.88,,,"2,953,549.35",100,,,"2,950,661.85",99.9,,,"2,953,572.85",100
sh7708,"2,900,913",,"2,889,368.55",99.6,,,"2,900,009.30",99.97,,,"2,893,904.85",99.76,,,"2,900,639.00",99.99,,,"2,895,353.30",99.81,,,"2,900,774.00",100,,,"2,897,597.75",99.89,,,"2,900,878.25",100,,,"2,898,205.55",99.91,,,"2,900,890.25",100
skmb91302,"2,755,776",,"2,745,450.15",99.63,,,"2,754,746.30",99.96,,,"2,750,216.45",99.8,,,"2,755,438.65",99.99,,,"2,751,455.30",99.84,,,"2,755,572.55",99.99,,,"2,753,272.80",99.91,,,"2,755,722.00",100,,,"2,753,790.00",99.93,,,"2,755,751.85",100
sleb,"2,624,832",,"2,616,306.80",99.68,,,"2,623,842.35",99.96,,,"2,619,900.90",99.81,,,"2,624,528.25",99.99,,,"2,621,030.75",99.86,,,"2,624,687.20",99.99,,,"2,622,711.40",99.92,,,"2,624,790.45",100,,,"2,623,156.85",99.94,,,"2,624,804.90",100
smdk2410,"2,963,036",,"2,949,719.20",99.55,,,"2,961,854.10",99.96,,,"2,955,314.65",99.74,,,"2,962,703.45",99.99,,,"2,956,790.10",99.79,,,"2,962,833.95",99.99,,,"2,959,158.65",99.87,,,"2,962,981.25",100,,,"2,959,868.30",99.89,,,"2,963,008.85",100
snds,"2,757,180",,"2,747,615.80",99.65,,,"2,756,197.50",99.96,,,"2,751,517.75",99.79,,,"2,756,919.00",99.99,,,"2,752,902.80",99.84,,,"2,757,031.20",99.99,,,"2,754,660.30",99.91,,,"2,757,135.40",100,,,"2,755,168.05",99.93,,,"2,757,151.60",100
sparc_erc32,"2,534,598",,"2,526,430.45",99.68,,,"2,533,748.40",99.97,,,"2,529,912.60",99.82,,,"2,534,361.25",99.99,,,"2,531,120.60",99.86,,,"2,534,469.95",99.99,,,"2,532,610.20",99.92,,,"2,534,560.70",100,,,"2,532,969.25",99.94,,,"2,534,576.40",100
sparc_leon,"2,534,598",,"2,526,362.05",99.68,,,"2,533,690.60",99.96,,,"2,529,980.30",99.82,,,"2,534,331.25",99.99,,,"2,530,929.20",99.86,,,"2,534,462.55",99.99,,,"2,532,579.00",99.92,,,"2,534,552.95",100,,,"2,532,989.40",99.94,,,"2,534,578.35",100
sparclite_sim,"2,534,598",,"2,526,521.70",99.68,,,"2,533,792.65",99.97,,,"2,530,210.30",99.83,,,"2,534,360.70",99.99,,,"2,530,955.60",99.86,,,"2,534,453.55",99.99,,,"2,532,689.45",99.92,,,"2,534,561.00",100,,,"2,532,953.65",99.94,,,"2,534,575.95",100
stb,"2,916,752",,"2,906,066.20",99.63,,,"2,915,555.45",99.96,,,"2,910,787.65",99.8,,,"2,916,398.75",99.99,,,"2,911,937.95",99.83,,,"2,916,549.45",99.99,,,"2,913,838.20",99.9,,,"2,916,697.50",100,,,"2,914,517.50",99.92,,,"2,916,720.45",100
stdeval1,"2,634,044",,"2,624,222.35",99.63,,,"2,633,076.80",99.96,,,"2,628,746.25",99.8,,,"2,633,789.30",99.99,,,"2,629,841.20",99.84,,,"2,633,894.10",99.99,,,"2,631,582.00",99.91,,,"2,633,998.90",100,,,"2,632,017.85",99.92,,,"2,634,016.40",100
stm3210e_eval,"3,004,138",,"2,994,585.00",99.68,,,"3,002,958.75",99.96,,,"2,998,643.05",99.82,,,"3,003,730.60",99.99,,,"2,999,794.95",99.86,,,"3,003,935.55",99.99,,,"3,001,521.30",99.91,,,"3,004,081.25",100,,,"3,002,082.85",99.93,,,"3,004,105.30",100
ts1000,"3,167,286",,"3,155,201.80",99.62,,,"3,165,908.40",99.96,,,"3,160,160.05",99.78,,,"3,166,787.75",99.98,,,"3,161,619.00",99.82,,,"3,167,051.65",99.99,,,"3,163,929.35",99.89,,,"3,167,218.30",100,,,"3,164,596.55",99.92,,,"3,167,245.95",100
ts6,"2,896,324",,"2,885,169.70",99.61,,,"2,895,149.05",99.96,,,"2,890,012.95",99.78,,,"2,895,881.70",99.98,,,"2,891,355.35",99.83,,,"2,896,119.65",99.99,,,"2,893,298.80",99.9,,,"2,896,270.20",100,,,"2,893,840.75",99.91,,,"2,896,293.20",100
tx39_sim,"2,571,192",,"2,562,908.35",99.68,,,"2,570,369.15",99.97,,,"2,566,489.15",99.82,,,"2,570,909.05",99.99,,,"2,567,659.85",99.86,,,"2,571,054.00",99.99,,,"2,569,111.90",99.92,,,"2,571,153.55",100,,,"2,569,563.80",99.94,,,"2,571,169.20",100
uClinux,"3,013,528",,"3,013,528.00",100,,,"3,013,528.00",100,,,"3,013,528.00",100,,,"3,013,528.00",100,,,"3,013,528.00",100,,,"3,013,528.00",100,,,"3,013,528.00",100,,,"3,013,528.00",100,,,"3,013,528.00",100,,,"3,013,528.00",100
uE250,"2,893,698",,"2,883,686.30",99.65,,,"2,892,547.70",99.96,,,"2,887,890.30",99.8,,,"2,893,256.00",99.98,,,"2,889,146.30",99.84,,,"2,893,505.90",99.99,,,"2,890,855.25",99.9,,,"2,893,636.35",100,,,"2,891,450.15",99.92,,,"2,893,664.05",100
vads,"2,896,324",,"2,885,174.50",99.62,,,"2,895,079.85",99.96,,,"2,889,797.65",99.77,,,"2,895,936.15",99.99,,,"2,891,082.15",99.82,,,"2,896,094.90",99.99,,,"2,893,296.50",99.9,,,"2,896,272.00",100,,,"2,893,840.35",99.91,,,"2,896,289.35",100
viper,"3,182,447",,"3,169,736.15",99.6,,,"3,180,967.80",99.95,,,"3,175,447.70",99.78,,,"3,181,996.95",99.99,,,"3,176,843.20",99.82,,,"3,182,204.35",99.99,,,"3,179,017.40",99.89,,,"3,182,382.25",100,,,"3,179,698.35",99.91,,,"3,182,408.40",100
vrc4373,"2,884,611",,"2,874,230.35",99.64,,,"2,883,355.15",99.96,,,"2,878,596.00",99.79,,,"2,884,153.85",99.98,,,"2,880,095.45",99.84,,,"2,884,388.50",99.99,,,"2,881,893.05",99.91,,,"2,884,549.75",100,,,"2,882,453.50",99.93,,,"2,884,571.80",100
vrc4375,"2,968,972",,"2,957,472.65",99.61,,,"2,967,624.80",99.95,,,"2,962,249.15",99.77,,,"2,968,531.15",99.99,,,"2,963,645.60",99.82,,,"2,968,723.15",99.99,,,"2,965,688.55",99.89,,,"2,968,904.80",100,,,"2,966,304.85",99.91,,,"2,968,929.35",100
XSEngine,"2,974,825",,"2,964,407.40",99.65,,,"2,973,601.10",99.96,,,"2,968,883.25",99.8,,,"2,974,371.60",99.98,,,"2,969,901.90",99.83,,,"2,974,596.80",99.99,,,"2,971,950.25",99.9,,,"2,974,770.75",100,,,"2,972,468.95",99.92,,,"2,974,793.95",100
AVERAGE,,,"2,862,118.03",99.44,,,"2,873,833.11",99.94,,,"2,866,697.72",99.59,,,"2,874,720.74",99.97,,,"2,867,994.32",99.64,,,"2,874,904.84",99.98,,,"2,870,021.77",99.71,,,"2,875,097.04",99.98,,,"2,870,592.08",99.73,,,"2,875,135.74",99.98
